711-ALOE8-00,,7-Eleven,Suncare,After Sun,Body,
711-B3SH1-00,,7-Eleven,Suncare,Sport,Medium SPF (30 - 55),
711-B5SH1-00,,7-Eleven,Suncare,Sport,Medium SPF (30 - 55),
711-BRNR8-00,,7-Eleven,Suncare,Pain Relief,Body,
711-C3RF1-00,,7-Eleven,Suncare,General Protection,Medium SPF (30 - 55),
711-C5RF1-00,,7-Eleven,Suncare,General Protection,Medium SPF (30 - 55),
711-POUCH-50,,7-Eleven,Suncare,After Sun,Body,
711-SUNMX-50,,7-Eleven,Suncare,General Protection,Medium SPF (30 - 55),
ALB-SCARG-00,7272800,Albertsons,Skin Care,Wound,Body,
CAR-12OZD-50,999934,American Sales,Suncare,General Protection,Medium SPF (30 - 55),
CAR-2PK30-00,56204,American Sales,Suncare,General Protection,Medium SPF (30 - 55),
CAR-38DSP-50,993785,American Sales,Suncare,General Protection,Body,
CAR-8ICEG-00,,American Sales,First Aid,Pain Relief,Body,
CAR-ALO16-00,55599,American Sales,Suncare,After Sun,Body,
CAR-ALOE2-00,,American Sales,Suncare,After Sun,Body,
CAR-ALOE3-00,,American Sales,Suncare,After Sun,Body,
CAR-B3RH1-00,,American Sales,Suncare,General Protection,Medium SPF (30 - 55),
CAR-B3SH1-00,56216,American Sales,Suncare,Sport,Medium SPF (30 - 55),
CAR-B5BH1-00,237923,American Sales,Suncare,Baby,Medium SPF (30 - 55),
CAR-BASTK-50,994002,American Sales,Suncare,Baby,Medium SPF (30 - 55),
CAR-BEN2Z-00,,American Sales,First Aid,Anti-Itch,Body,
CAR-BEN3Z-00,,American Sales,First Aid,Anti-Itch,Body,
CAR-BENCS-00,,American Sales,First Aid,Pain Relief,Body,
CAR-BKIT1-00,,American Sales,Skin Care,Beauty/Cosmetics,Body,
CAR-C3RF1-00,237919,American Sales,Suncare,General Protection,Medium SPF (30 - 55),
CAR-C3RH1-00,256431,American Sales,Suncare,General Protection,Medium SPF (30 - 55),
CAR-C3SF1-00,237920,American Sales,Suncare,Sport,Medium SPF (30 - 55),
CAR-C3SH1-00,,American Sales,Suncare,Sport,Medium SPF (30 - 55),
CAR-C3SL1-00,,American Sales,Suncare,Sport,Medium SPF (30 - 55),
CAR-C3WE1-00,128236,American Sales,Suncare,General Protection,Medium SPF (30 - 55),
CAR-C5KF1-00,237918,American Sales,Suncare,Kids,Medium SPF (30 - 55),
CAR-C5KH1-00,,American Sales,Suncare,Kids,Medium SPF (30 - 55),
CAR-C5KL1-00,,American Sales,Suncare,Kids,Medium SPF (30 - 55),
CAR-C5SF1-00,56198,American Sales,Suncare,Sport,Medium SPF (30 - 55),
CAR-C5SH1-00,256443,American Sales,Suncare,Sport,Medium SPF (30 - 55),
CAR-C7SF1-00,,American Sales,Suncare,Sport,High SPF (> 56),
CAR-C7SH1-00,256439,American Sales,Suncare,Sport,High SPF (> 56),
CAR-C7WE1-00,128221,American Sales,Suncare,General Protection,High SPF (> 56),
CAR-CHCS4-00,,American Sales,First Aid,Pain Relief,Body,
CAR-CITRS-00,,American Sales,Suncare,After Sun,Body,
CAR-CLUBP-50,993790,American Sales,Suncare,General Protection,Body,
CAR-COCNT-00,,American Sales,Suncare,After Sun,Body,
CAR-CORTZ-00,,American Sales,First Aid,Anti-Itch,Body,
CAR-CSSDW-50,,American Sales,Suncare,General Protection,Body,
CAR-DEBDP-00,48366267,American Sales,First Aid,Ear Care,Body,
CAR-DPOR5-00,251116,American Sales,First Aid,Ear Care,Body,
CAR-EARKT-00,370011,American Sales,First Aid,Ear Care,Body,
CAR-INVAC-00,54899,American Sales,Skin Care,Acne,Face,
CAR-LOT16-00,56227,American Sales,Suncare,After Sun,Body,
CAR-MRUBR-00,,American Sales,First Aid,Pain Relief,Body,
CAR-MRUBX-00,,American Sales,First Aid,Pain Relief,Body,
CAR-PER10-00,251117,American Sales,Skin Care,Acne,Face,
CAR-POUCH-50,999935,American Sales,Suncare,After Sun,Body,
CAR-SCARG-00,425242,American Sales,Skin Care,Wound,Body,
CAR-SPSTK-50,994003,American Sales,Suncare,General Protection,Body,
CAR-SPT30-50,994004,American Sales,Suncare,General Protection,Body,
CAR-T3SB1-00,,American Sales,Suncare,Sport,Body,
CAR-T6HD1-00,108412,American Sales,Suncare,General Protection,High SPF (> 56),
CAR-T7HD1-00,108413,American Sales,Suncare,General Protection,High SPF (> 56),
CAR-TRIPL-00,,American Sales,First Aid,Wound,Body,
GNP-1AID3-00,,Amerisource Bergen,First Aid,Wound,Body,
GNP-8ICEG-00,,Amerisource Bergen,First Aid,Pain Relief,Body,
GNP-AITCH-00,,Amerisource Bergen,,,,
GNP-ALOE8-00,,Amerisource Bergen,Suncare,After Sun,Body,
GNP-BRN45-00,,Amerisource Bergen,Suncare,After Sun,Body,
GNP-CAPSA-00,,Amerisource Bergen,First Aid,Pain Relief,Body,
GNP-DEBDP-00,,Amerisource Bergen,First Aid,Ear Care,Body,
GNP-EARKT-00,,Amerisource Bergen,First Aid,Ear Care,Body,
GNP-ICYHT-00,,Amerisource Bergen,First Aid,Pain Relief,Body,
GNP-ITCH3-00,,Amerisource Bergen,First Aid,Anti-Itch,Body,
GNP-SCALP-00,,Amerisource Bergen,Hair Care,Anti-Itch,Body,
GNP-SCARG-00,,Amerisource Bergen,First Aid,Wound,Body,
VAM-16LOT-00,,Valu Merchandisers,Suncare,After Sun,Body,
VAM-18TWN-50,111211,Valu Merchandisers,Suncare,General Protection,Body,
VAM-1BENZ-00,,Valu Merchandisers,Skin Care,Acne,Face,
VAM-ACNE8-00,76523,Valu Merchandisers,Skin Care,Acne,Face,
VAM-B3RH1-00,771741,Valu Merchandisers,Suncare,General Protection,Low SPF (< 29),
VAM-B3SH1-00,771733,Valu Merchandisers,Suncare,Sport,Low SPF (< 29),
VAM-B5BH1-00,,Valu Merchandisers,Suncare,Baby,Medium SPF (30 - 55),
VAM-B5RH1-00,777748,Valu Merchandisers,Suncare,General Protection,Medium SPF (30 - 55),
VAM-B5SH1-00,,Valu Merchandisers,Suncare,Sport,Medium SPF (30 - 55),
VAM-BACTN-00,65009,Valu Merchandisers,First Aid,Wound,Body,
VAM-BRNR4-00,,Valu Merchandisers,Suncare,After Sun,Body,
VAM-BRNR8-00,,Valu Merchandisers,Suncare,After Sun,Body,
VAM-C3SF1-00,,Valu Merchandisers,Suncare,Sport,Low SPF (< 29),
VAM-C5KF1-00,,Valu Merchandisers,Suncare,Kids,Medium SPF (30 - 55),
VAM-C7RF1-00,,Valu Merchandisers,Suncare,General Protection,High SPF (> 56),
VAM-C7WE1-00,112494,Valu Merchandisers,Suncare,General Protection,High SPF (> 56),
VAM-DEEPC-00,765230,Valu Merchandisers,Skin Care,Acne,Face,
VAM-EYEMR-00,765339,Valu Merchandisers,Skin Care,Beauty/Cosmetics,Face,
VAM-ICYHT-00,718130,Valu Merchandisers,First Aid,Pain Relief,Body,
VAM-MIX49-50,790824,Valu Merchandisers,Suncare,General Protection,Body,
VAM-NODRM-00,730846,Valu Merchandisers,First Aid,Drug,Face,
VAM-NODRP-00,92247,Valu Merchandisers,First Aid,Drug,Face,
VAM-NSINX-00,700662,Valu Merchandisers,First Aid,Drug,Face,
VAM-NSL15-00,702456,Valu Merchandisers,First Aid,Drug,Face,
VAM-NSLSN-00,44354,Valu Merchandisers,First Aid,Drug,Face,
VAM-NSLSP-00,701631,Valu Merchandisers,First Aid,Drug,Face,
VAM-NSSVR-00,700661,Valu Merchandisers,First Aid,Drug,Face,
VAM-VTEC4-00,765529,Valu Merchandisers,Skin Care,Beauty/Cosmetics,Face,
BIG-AFRIN-00,,Big Lots,First Aid,Cough Cold,,
BIG-NAS1Z-00,,Big Lots,First Aid,Cough Cold,,
CRN-G2HT2-00,,Dollar General,,,,
CRN-G2W12-00,,Dollar General,,,,
QCH-ACNE6-00,99154,CDMA,Skin Care,Acne,Face,
QCH-AISP3-00,98753,CDMA,First Aid,Anti-Itch,Body,
QCH-AITCH-00,96867,CDMA,First Aid,Anti-Itch,Body,
QCH-ALO16-00,96523,CDMA,Suncare,After Sun,Body,
QCH-ALOE8-00,96522,CDMA,Suncare,After Sun,Body,
QCH-AQHEL-00,99121,CDMA,Skin Care,Moisturizer,Body,
QCH-ASPCS-00,94717,CDMA,First Aid,Pain Relief,Body,
QCH-AYRGL-00,99202,CDMA,First Aid,Drug,Body,
QCH-B3SH2-00,,CDMA,Suncare,Sport,Low SPF (< 29),
QCH-B5BH2-00,,CDMA,Suncare,Baby,Medium SPF (30 - 55),
QCH-B5RH2-00,,CDMA,Suncare,General Protection,Medium SPF (30 - 55),
QCH-BKIT4-00,,CDMA,Skin Care,Beauty/Cosmetics,Face,
QCH-BRN45-00,96823,CDMA,Suncare,After Sun,Body,
QCH-C3SF2-00,,CDMA,Suncare,Sport,Low SPF (< 29),
QCH-C3WE1-00,99212,CDMA,Suncare,General Protection,Low SPF (< 29),
QCH-C5HE1-00,99215,CDMA,Suncare,General Protection,Medium SPF (30 - 55),
QCH-C5KF2-00,,CDMA,Suncare,Kids,Medium SPF (30 - 55),
QCH-C5RF2-00,,CDMA,Suncare,General Protection,Medium SPF (30 - 55),
QCH-CAPZA-00,98796,CDMA,First Aid,Pain Relief,Body,
QCH-CCRM9-00,95951,CDMA,Skin Care,Moisturizer,Face,
QCH-COCNT-00,99210,CDMA,Suncare,After Sun,Body,
QCH-COOL3-00,98752,CDMA,First Aid,Pain Relief,Body,
QCH-CUCUM-00,99117,CDMA,Skin Care,Moisturizer,Face,
QCH-DRSKC-00,96589,CDMA,Skin Care,Moisturizer,Face,
QCH-ERDRY-00,95115,CDMA,First Aid,Ear Care,Body,
QCH-EYEMR-00,99118,CDMA,Skin Care,Beauty/Cosmetics,Face,
QCH-FSAID-00,98754,CDMA,First Aid,Pain Relief,Body,
QCH-HCL12-00,96868,CDMA,Skin Care,Cleanser,Face,
QCH-HEELB-00,98799,CDMA,Skin Care,Foot Care,Body,
QCH-HRMR9-00,,CDMA,Hair Care,Beauty/Cosmetics,Body,
QCH-ICYHT-00,94718,CDMA,First Aid,Pain Relief,Body,
QCH-INACN-00,94642,CDMA,Skin Care,Acne,Face,
QCH-MANGO-00,99209,CDMA,Suncare,After Sun,Body,
QCH-MNMX2-00,98755,CDMA,Hair Care,Beauty/Cosmetics,Body,
QCH-MRUBX-00,96745,CDMA,First Aid,Pain Relief,Body,
QCH-MST12-00,96869,CDMA,Skin Care,Moisturizer,Body,
QCH-NOXZM-00,99116,CDMA,Skin Care,Cleanser,Face,
QCH-S3HZ1-00,99214,CDMA,Suncare,General Protection,Low SPF (< 29),
QCH-S6BZ1-00,99232,CDMA,Skin Care,Baby,High SPF (> 56),
QCH-S6SZ1-00,,CDMA,Suncare,Sport,High SPF (> 56),
QCH-SCALP-00,94562,CDMA,Hair Care,Anti-Itch,Body,
QCH-SCARG-00,95455,CDMA,Skin Care,Wound,Body,
QCH-SKOIL-00,96870,CDMA,Skin Care,Beauty/Cosmetics,Body,
QCH-SNLMD-00,99211,CDMA,Suncare,Sunless,Body,
QCH-SUNDP-50,,CDMA,Suncare,General Protection,Body,
QCH-T5HD1-00,99235,CDMA,Suncare,General Protection,High SPF (> 56),
QCH-T7HD1-00,99234,CDMA,Suncare,General Protection,High SPF (> 56),
QCH-WMXD2-00,98756,CDMA,,,,
QCH-WTRML-00,99203,CDMA,Suncare,After Sun,Body,
CVS-1AID3-00,460423,CVS,First Aid,Pain Relief,Body,
CVS-1NSCS-00,896831,CVS,First Aid,Cough Cold,Face,
CVS-1SPOT-00,,CVS,Skin Care,Acne,Face,
CVS-2HAND-00,954798,CVS,Skin Care,Moisturizer,Hand,
CVS-2NASL-00,277790,CVS,First Aid,Cough Cold,Face,
CVS-30LIP-00,958239,CVS,Suncare,General Protection,Medium SPF (30 - 55),
CVS-30MNT-00,,CVS,Suncare,General Protection,Medium SPF (30 - 55),
CVS-30PCH-00,973911,CVS,Suncare,General Protection,Medium SPF (30 - 55),
CVS-3CITS-00,850624,CVS,First Aid,Anti-Itch,Body,
CVS-3CLEN-00,952402,CVS,Skin Care,Acne,Face,
CVS-4ACNE-00,952407,CVS,Skin Care,Acne,Face,
CVS-4NSCS-00,699162,CVS,First Aid,Cough Cold,Face,
CVS-4PAIN-00,943901,CVS,First Aid,Pain Relief,Body,
CVS-4SMRK-00,920128,CVS,Skin Care,Beauty/Cosmetics,Body,
CVS-5EUCA-00,970479,CVS,First Aid,Cough Cold,Face,
CVS-5SCRB-00,827731,CVS,Skin Care,Cleanser,Face,
CVS-75ACN-00,232813,CVS,Skin Care,Acne,Face,
CVS-ACNWH-00,892053,CVS,Skin Care,Acne,Face,
CVS-ALGCS-00,955517,CVS,First Aid,Cough Cold,Face,
CVS-ALOE3-00,950389,CVS,Suncare,After Sun,Body,
CVS-ALOE6-00,938359,CVS,Suncare,After Sun,Body,
CVS-ANTIW-00,276778,CVS,Skin Care,Anti-Aging,Face,
CVS-ARBLM-00,902856,CVS,Skin Care,Anti-Aging,Face,
CVS-ASPC3-00,213140,CVS,First Aid,Pain Relief,Body,
CVS-ASPC5-00,908183,CVS,First Aid,Pain Relief,Body,
CVS-ASPCS-00,957609,CVS,First Aid,Pain Relief,Body,
CVS-B0RF1-00,828278,CVS,Suncare,General Protection,High SPF (> 56),
CVS-B1TH1-00,899760,CVS,Suncare,General Protection,Low SPF (< 29),
CVS-B3RH1-00,199296,CVS,Suncare,General Protection,Medium SPF (30 - 55),
CVS-B3ZA1-00,958241,CVS,Suncare,General Protection,Medium SPF (30 - 55),
CVS-B3ZC1-00,958242,CVS,Suncare,General Protection,Medium SPF (30 - 55),
CVS-B5RH1-00,199279,CVS,Suncare,General Protection,Medium SPF (30 - 55),
CVS-B7RH1-00,729844,CVS,Suncare,General Protection,Medium SPF (30 - 55),
CVS-BABSG-00,,CVS,Skin Care,Beauty/Cosmetics,Body,
CVS-BBCRM-00,902855,CVS,Skin Care,Beauty/Cosmetics,Face,
CVS-BEN2Z-00,237741,CVS,First Aid,Anti-Itch,Body,
CVS-BEN4Z-00,237755,CVS,First Aid,Anti-Itch,Body,
CVS-BENCS-00,957608,CVS,First Aid,Pain Relief,Body,
CVS-BKIT4-00,559682,CVS,Skin Care,Beauty/Cosmetics,Body,
CVS-BKNCR-00,908126,CVS,Skin Care,Beauty/Cosmetics,Body,
CVS-BLU20-00,199080,CVS,Suncare,After Sun,Body,
CVS-BNSCI-00,,CVS,First Aid,Anti-Itch,Body,
CVS-BNSIT-00,,CVS,First Aid,Anti-Itch,Body,
CVS-BRN45-00,308266,CVS,First Aid,Pain Relief,Body,
CVS-CAPSA-00,689296,CVS,First Aid,Pain Relief,Body,
CVS-CCRM9-00,483167,CVS,Skin Care,Beauty/Cosmetics,Body,
CVS-CLR20-00,199060,CVS,Suncare,After Sun,Body,
CVS-COOL3-00,460400,CVS,First Aid,Pain Relief,Body,
CVS-DAYCR-00,804094,CVS,Skin Care,Beauty/Cosmetics,Face,
CVS-DAYWS-00,276485,CVS,Skin Care,Acne,Face,
CVS-DEBDP-00,110973,CVS,First Aid,Ear Care,Face,
CVS-DEBKT-00,973866,CVS,First Aid,Ear Care,Face,
CVS-DPOR5-00,232807,CVS,Skin Care,Cleanser,Face,
CVS-DRTRL-00,912489,CVS,Skin Care,Beauty/Cosmetics,Face,
CVS-DRYSK-00,930987,CVS,Skin Care,Beauty/Cosmetics,Body,
CVS-DUOKT-00,903988,CVS,Skin Care,Beauty/Cosmetics,Face,
CVS-EARKT-00,457273,CVS,First Aid,Ear Care,Face,
CVS-EARWX-00,999532,CVS,First Aid,Ear Care,Face,
CVS-EZDCR-00,,CVS,First Aid,Anti-Itch,Body,
CVS-EZKIT-00,,CVS,First Aid,Anti-Itch,Body,
CVS-EZROL-00,,CVS,First Aid,Anti-Itch,Body,
CVS-EZRWS-00,,CVS,First Aid,Anti-Itch,Body,
CVS-EZUCR-00,,CVS,First Aid,Anti-Itch,Body,
CVS-FHRM2-00,867042,CVS,Skin Care,Beauty/Cosmetics,Face,
CVS-FOOTL-00,926425,CVS,Skin Care,Foot Care,Body,
CVS-GLOW1-00,973897,CVS,Skin Care,Beauty/Cosmetics,Face,
CVS-GRN20-00,,CVS,Suncare,After Sun,Body,
CVS-HEELB-00,926426,CVS,Skin Care,Foot Care,Body,
CVS-HEMCS-00,919082,CVS,First Aid,Laxative,Body,
CVS-HHLOT-00,265245,CVS,Skin Care,Beauty/Cosmetics,Hand,
CVS-HRCLN-00,,CVS,Hair Care,Beauty/Cosmetics,Body,
CVS-HRMR9-00,867043,CVS,Skin Care,Beauty/Cosmetics,Body,
CVS-HRTRT-00,,CVS,Hair Care,Beauty/Cosmetics,Body,
CVS-ICYHT-00,716887,CVS,First Aid,Pain Relief,Body,
CVS-INVAC-00,216549,CVS,Skin Care,Acne,Face,
CVS-ITCH3-00,460403,CVS,First Aid,Anti-Itch,Body,
CVS-KPLOT-00,936447,CVS,Skin Care,Beauty/Cosmetics,Body,
CVS-KPSOP-00,936445,CVS,Skin Care,Beauty/Cosmetics,Body,
CVS-LIQBG-00,957606,CVS,First Aid,Wound,Body,
CVS-LOFBB-00,952405,CVS,Skin Care,Beauty/Cosmetics,Face,
CVS-LOT20-00,401541,CVS,Suncare,After Sun,Body,
CVS-MDBBC-00,912490,CVS,Skin Care,Beauty/Cosmetics,Face,
CVS-MIRCL-00,952371,CVS,Skin Care,Beauty/Cosmetics,Face,
CVS-MOIST-00,952449,CVS,Skin Care,Beauty/Cosmetics,Face,
CVS-MRUB2-00,320989,CVS,First Aid,Pain Relief,Body,
CVS-MRUB3-00,200964,CVS,First Aid,Pain Relief,Body,
CVS-MRUB4-00,972687,CVS,First Aid,Pain Relief,Body,
CVS-NASL3-00,6205,CVS,First Aid,Cough Cold,Face,
CVS-NASLG-00,896071,CVS,First Aid,Cough Cold,Face,
CVS-NHTCR-00,804093,CVS,Skin Care,Beauty/Cosmetics,Face,
CVS-NSL15-00,891465,CVS,First Aid,Cough Cold,Face,
CVS-OFASC-00,697531,CVS,Skin Care,Acne,Face,
CVS-OFMIL-00,973893,CVS,Skin Care,Beauty/Cosmetics,Face,
CVS-ONSPT-00,447951,CVS,Skin Care,Acne,Face,
CVS-P3RC1-00,950398,CVS,Suncare,General Protection,Medium SPF (30 - 55),
CVS-P3SC1-00,950400,CVS,Suncare,Sport,Medium SPF (30 - 55),
CVS-P5RC1-00,950399,CVS,Suncare,General Protection,Medium SPF (30 - 55),
CVS-PSOIL-00,936448,CVS,Skin Care,Beauty/Cosmetics,Body,
CVS-RTDAY-00,973898,CVS,Skin Care,Beauty/Cosmetics,Face,
CVS-RTEYE-00,973901,CVS,Skin Care,Beauty/Cosmetics,Face,
CVS-RTNHT-00,973899,CVS,Skin Care,Beauty/Cosmetics,Face,
CVS-S5BZ1-00,689603,CVS,Suncare,Baby,Medium SPF (30 - 55),
CVS-S5KZ1-00,938360,CVS,Suncare,Kids,Medium SPF (30 - 55),
CVS-S5SZ1-00,442893,CVS,Suncare,Sport,Medium SPF (30 - 55),
CVS-S6BZ1-00,727121,CVS,Suncare,Baby,High SPF (> 56),
CVS-SCAR7-00,249816,CVS,Skin Care,Beauty/Cosmetics,Body,
CVS-SCARG-00,246784,CVS,Skin Care,Beauty/Cosmetics,Body,
CVS-SKNBR-00,952447,CVS,Skin Care,Cleanser,Face,
CVS-SKOS2-00,697513,CVS,Skin Care,Beauty/Cosmetics,Body,
CVS-T3FC1-00,899756,CVS,Suncare,General Protection,Medium SPF (30 - 55),
CVS-T6BC1-00,727120,CVS,Suncare,Baby,High SPF (> 56),
CVS-TACNE-00,697542,CVS,Skin Care,Acne,Face,
CVS-TNRLR-00,902857,CVS,Skin Care,Beauty/Cosmetics,Face,
CVS-TRIPL-00,957603,CVS,First Aid,Pain Relief,Body,
CVS-TRLPN-00,,CVS,First Aid,Pain Relief,Body,
CVS-VANCR-00,952401,CVS,Skin Care,Acne,Face,
CVS-VTEC4-00,733288,CVS,Skin Care,Beauty/Cosmetics,Body,
SBS-CVSBL-00,225490,CVS,Hair Care,Beauty/Cosmetics,Body,
SBS-CVSDB-00,313667,CVS,Hair Care,Beauty/Cosmetics,Body,
SBS-CVSJB-00,313666,CVS,Hair Care,Beauty/Cosmetics,Body,
SBS-CVSMB-00,226373,CVS,Hair Care,Beauty/Cosmetics,Body,
DDM-B1RH1-00,9335112558,Discount Drug,Suncare,General Protection,Low SPF (< 29),
DDM-B3RH1-00,9335112559,Discount Drug,Suncare,General Protection,Medium SPF (30 - 55),
DDM-B5BH1-00,9335112562,Discount Drug,Suncare,Kids,Medium SPF (30 - 55),
DDM-B5RH1-00,9335112561,Discount Drug,Suncare,General Protection,Medium SPF (30 - 55),
DDM-B5SH1-00,9335112560,Discount Drug,Suncare,Sport,Medium SPF (30 - 55),
DDM-C3RF1-00,9335112563,Discount Drug,Suncare,General Protection,Medium SPF (30 - 55),
DDM-C3SF1-00,9335112564,Discount Drug,Suncare,Sport,Medium SPF (30 - 55),
DDM-C5KF1-00,9335112565,Discount Drug,Suncare,Kids,Medium SPF (30 - 55),
DDM-NAS1Z-00,9335101834,Discount Drug,First Aid,Cough Cold,Face,
DDM-NAS3Z-00,9335101833,Discount Drug,First Aid,Cough Cold,Face,
DDM-NODEM-00,9335101832,Discount Drug,First Aid,Cough Cold,Face,
DDM-NODRP-00,9335101827,Discount Drug,First Aid,Cough Cold,Face,
DDM-NSINX-00,9335101830,Discount Drug,First Aid,Cough Cold,Face,
DDM-NSLEM-00,9335101829,Discount Drug,First Aid,Cough Cold,Face,
DDM-NSLSP-00,9335101828,Discount Drug,First Aid,Cough Cold,Face,
DDM-NSSVR-00,9335101831,Discount Drug,First Aid,Cough Cold,Face,
DGC-ACSPT-00,12632101,Dollar General,Skin Care,Acne,Face,
DGC-ALIDO-00,546801,Dollar General,Suncare,After Sun,Body,
DGC-ALOE6-00,15085401,Dollar General,Suncare,After Sun,Body,
DGC-ALOGL-00,546501,Dollar General,Suncare,After Sun,Body,
DGC-B3RH1-00,545901,Dollar General,Suncare,General Protection,Medium SPF (30 - 55),
DGC-B3RJ1-00,545905,Dollar General,Suncare,General Protection,Medium SPF (30 - 55),
DGC-B5BH1-00,5349101,Dollar General,Suncare,Baby,Medium SPF (30 - 55),
DGC-B5BJ1-00,5349105,Dollar General,Suncare,Baby,Medium SPF (30 - 55),
DGC-B5KH1-00,546703,Dollar General,Suncare,Kids,Medium SPF (30 - 55),
DGC-B5KJ1-00,546702,Dollar General,Suncare,Kids,Medium SPF (30 - 55),
DGC-B5SH1-00,546401,Dollar General,Suncare,Sport,Medium SPF (30 - 55),
DGC-B7RH1-00,546601,Dollar General,Suncare,General Protection,High SPF (> 56),
DGC-B7RJ1-00,546605,Dollar General,Suncare,General Protection,High SPF (> 56),
DGC-BEN4Z-00,13664201,Dollar General,Skin Care,Anti-Itch,Body,
DGC-BLUE1-00,546802,Dollar General,Suncare,After Sun,Body,
DGC-C1TF1-00,11938601,Dollar General,Suncare,General Protection,Low SPF (< 29),
DGC-C3SF1-00,546001,Dollar General,Suncare,General Protection,Medium SPF (30 - 55),
DGC-C3SH1-00,546005,Dollar General,Suncare,Sport,Medium SPF (30 - 55),
DGC-C5KF1-00,546301,Dollar General,Suncare,Kids,Medium SPF (30 - 55),
DGC-C5KH1-00,546305,Dollar General,Suncare,Kids,Medium SPF (30 - 55),
DGC-C5RF1-00,546201,Dollar General,Suncare,General Protection,Medium SPF (30 - 55),
DGC-C5RH1-00,546205,Dollar General,Suncare,General Protection,Medium SPF (30 - 55),
DGC-C7RF1-00,546101,Dollar General,Suncare,General Protection,High SPF (> 56),
DGC-C7RH1-00,546105,Dollar General,Suncare,General Protection,High SPF (> 56),
DGC-C7RJ1-00,5349801,Dollar General,Suncare,General Protection,High SPF (> 56),
DGC-C8SF1-00,13238701,Dollar General,Suncare,General Protection,High SPF (> 56),
DGC-C8SH1-00,13238702,Dollar General,Suncare,General Protection,High SPF (> 56),
DGC-CHRLR-00,13664401,Dollar General,First Aid,Pain Relief,Body,
DGC-DEBDP-00,13666101,Dollar General,First Aid,Ear Care,Face,
DGC-DEBKT-00,588804,Dollar General,First Aid,Ear Care,Face,
DGC-DRSKC-00,728701,Dollar General,Skin Care,Beauty/Cosmetics,Face,
DGC-DTAN4-00,547002,Dollar General,Suncare,General Protection,Low SPF (< 29),
DGC-FAAS5-00,11069702,Dollar General,First Aid,Pain Relief,Body,
DGC-FMITC-00,689001,Dollar General,First Aid,Anti-Itch,Body,
DGC-GREN1-00,546503,Dollar General,Suncare,After Sun,Body,
DGC-HLONT-00,12631901,Dollar General,Skin Care,Beauty/Cosmetics,Body,
DGC-HRML9-00,11506601,Dollar General,Skin Care,Beauty/Cosmetics,Body,
DGC-INACN-00,12632401,Dollar General,Skin Care,Acne,Face,
DGC-MICRO-00,13238901,Dollar General,Suncare,Sunless,Body,
DGC-NODEM-00,12687901,Dollar General,First Aid,Cough Cold,Face,
DGC-NODRP-00,12081001,Dollar General,First Aid,Cough Cold,Face,
DGC-NSPMP-00,744201,Dollar General,First Aid,Cough Cold,Face,
DGC-SUNDP-50,,Dollar General,Suncare,General Protection,Medium SPF (30 - 55),
DGC-T5RC1-00,13239401,Dollar General,Suncare,General Protection,Medium SPF (30 - 55),
DLT-B3SH1-00,,Dollar Tree,Suncare,Sport,Medium SPF (30 - 55),
DLT-B4TH1-00,,Dollar Tree,Suncare,General Protection,Low SPF (< 29),
DLT-B5KH1-00,,Dollar Tree,Suncare,Kids,Medium SPF (30 - 55),
DLT-BULBS-00,,Dollar Tree,First Aid,Ear Care,,
DLT-C3SF1-00,,Dollar Tree,Suncare,Sport,Medium SPF (30 - 55),
DLT-C5KF1-00,,Dollar Tree,Suncare,Kids,Medium SPF (30 - 55),
DLT-ERDRY-00,,Dollar Tree,First Aid,Ear Care,,
DLT-SUNMX-50,,Dollar Tree,Suncare,General Protection,Medium SPF (30 - 55),
SCH-ERKIT-00,,Dollar Tree,First Aid,Ear Care,,
DLT-EARDP-00,,Dollar Tree,First Aid,Ear Care,,
FAM-35CRM-00,32251090790,Family Dollar,Skin Care,Moisturizer,Face,
FAM-39DSK-00,32251090806,Family Dollar,Skin Care,Moisturizer,Face,
FAM-4NSCS-00,32251116179,Family Dollar,First Aid,Cough Cold,Face,
FAM-BKIT1-00,32251025310,Family Dollar,Skin Care,Beauty/Cosmetics,Face,
FAM-FMITC-00,32251133343,Family Dollar,First Aid,Drug,Body,
FAM-HRRMV-00,32251075988,Family Dollar,Skin Care,Beauty/Cosmetics,Face,
FAM-ITCH3-00,32251096150,Family Dollar,First Aid,Anti-Itch,Body,
FAM-MICRO-00,32251077654,Family Dollar,Suncare,Sunless,Body,
FAM-MSTLN-00,32251025334,Family Dollar,Skin Care,Moisturizer,Face,
FAM-REGSN-50,727510005669,Family Dollar,Suncare,General Protection,Medium SPF (30 - 55),
FAM-SPORT-50,727510005645,Family Dollar,Suncare,Sport,Medium SPF (30 - 55),
FAM-TANNG-50,727510005676,Family Dollar,Suncare,General Protection,Body,
FAM-TUBES-50,727510005652,Family Dollar,Suncare,General Protection,Medium SPF (30 - 55),
FDL-39DSK-00,166190,Food Lion,Skin Care,Moisturizer,Face,
FDL-3CITS-00,468660,Food Lion,First Aid,Anti-Itch,Body,
FDL-44SUN-50,820810,Food Lion,Suncare,General Protection,Body,
FDL-AFSUN-00,768140,Food Lion,Suncare,After Sun,Body,
FDL-AISP6-00,517890,Food Lion,First Aid,Anti-Itch,Body,
FDL-B3RH1-00,767880,Food Lion,Suncare,General Protection,Low SPF (< 29),
FDL-B3RJ1-00,779870,Food Lion,Suncare,General Protection,Low SPF (< 29),
FDL-B5BH1-00,767930,Food Lion,Suncare,Baby,Medium SPF (30 - 55),
FDL-B5BJ1-00,779190,Food Lion,Suncare,Baby,Medium SPF (30 - 55),
FDL-B5RH1-00,767900,Food Lion,Suncare,General Protection,Medium SPF (30 - 55),
FDL-B5RJ1-00,779140,Food Lion,Suncare,General Protection,Medium SPF (30 - 55),
FDL-BITER-00,468620,Food Lion,First Aid,Anti-Itch,Body,
FDL-BURN4-00,517910,Food Lion,Suncare,After Sun,Body,
FDL-C3RF1-00,767950,Food Lion,Suncare,General Protection,Low SPF (< 29),
FDL-C3RH1-00,768040,Food Lion,Suncare,General Protection,Low SPF (< 29),
FDL-C3SF1-00,779930,Food Lion,Suncare,Sport,Low SPF (< 29),
FDL-C3SH1-00,768060,Food Lion,Suncare,Sport,Low SPF (< 29),
FDL-C5KF1-00,767980,Food Lion,Suncare,Kids,Low SPF (< 29),
FDL-C5KH1-00,779790,Food Lion,Suncare,Kids,Low SPF (< 29),
FDL-C5SF1-00,767960,Food Lion,Suncare,Sport,Low SPF (< 29),
FDL-C5SH1-00,767990,Food Lion,Suncare,Sport,Low SPF (< 29),
FDL-EYEMR-00,587880,Food Lion,Skin Care,Beauty/Cosmetics,Face,
FDL-FSAID-00,517900,Food Lion,First Aid,Wound,Body,
FDL-GRALO-00,767920,Food Lion,Suncare,After Sun,Body,
FDL-P3SC1-00,672560,Food Lion,Suncare,Sport,Low SPF (< 29),
FDL-S5SZ1-00,768010,Food Lion,Suncare,Sport,Medium SPF (30 - 55),
FDL-TPS30-00,794360,Food Lion,Suncare,Sport,Low SPF (< 29),
GDS-ACNE8-00,,Good Sense,Skin Care,Acne,Face,
GDS-ALO16-00,,Good Sense,Suncare,After Sun,Body,
GDS-APSCR-00,,Good Sense,Skin Care,Cleanser,Face,
GDS-ASPER-00,,Good Sense,First Aid,Pain Relief,,
GDS-B1RH1-00,,Good Sense,Suncare,General Protection,Low SPF (< 29),
GDS-B3RD1-00,,Good Sense,Suncare,General Protection,Medium SPF (30 - 55),
GDS-B3RH1-00,,Good Sense,Suncare,General Protection,Medium SPF (30 - 55),
GDS-B5BH1-00,,Good Sense,Suncare,Baby,Medium SPF (30 - 55),
GDS-B5RD1-00,,Good Sense,Suncare,General Protection,Medium SPF (30 - 55),
GDS-B5RH1-00,,Good Sense,Suncare,General Protection,Medium SPF (30 - 55),
GDS-BRNR8-00,,Good Sense,Suncare,Pain Relief,Body,
GDS-C3RF1-00,,Good Sense,Suncare,General Protection,Medium SPF (30 - 55),
GDS-C3SF1-00,,Good Sense,Suncare,Sport,Medium SPF (30 - 55),
GDS-C3WE1-00,,Good Sense,Suncare,General Protection,Medium SPF (30 - 55),
GDS-C5KF1-00,,Good Sense,Suncare,Kids,Medium SPF (30 - 55),
GDS-C6HE1-00,,Good Sense,Suncare,General Protection,Medium SPF (30 - 55),
GDS-C7RF1-00,,Good Sense,Suncare,General Protection,High SPF (> 56),
GDS-CAPSA-00,,Good Sense,First Aid,Pain Relief,,
GDS-CHCS4-00,,Good Sense,First Aid,Pain Relief,Body,
GDS-CLHT3-00,,Good Sense,First Aid,Pain Relief,Body,
GDS-DEBDP-00,,Good Sense,First Aid,Ear Care,,
GDS-DEBKT-00,,Good Sense,First Aid,Ear Care,,
GDS-EYEMR-00,,Good Sense,Skin Care,Cleanser,Face,
GDS-LOT16-00,,Good Sense,Suncare,After Sun,Body,
GDS-MRUBX-00,,Good Sense,First Aid,Pain Relief,Body,
GDS-S5SZ1-00,,Good Sense,Suncare,Sport,Medium SPF (30 - 55),
GDS-SCARG-00,,Good Sense,Skin Care,Anti-Aging,,
GDS-SKOIL-00,,Good Sense,Skin Care,Anti-Aging,Body,
HRM-2AID3-50,,Harmon,First Aid,Pain Relief,Body,
HRM-8ICEG-00,1635483,Harmon,First Aid,Pain Relief,Body,
HRM-ACN8R-00,6886,Harmon,Skin Care,Acne,Face,
HRM-AITCH-00,,Harmon,First Aid,Anti-Itch,Body,
HRM-ASPCS-00,20209933,Harmon,First Aid,Pain Relief,Body,
HRM-AYRNL-00,20211974,Harmon,First Aid,Drug,Body,
HRM-BACTN-00,,Harmon,First Aid,Wound,Body,
HRM-BBCRM-00,20111045,Harmon,Skin Care,Beauty/Cosmetics,Face,
HRM-BBYAQ-00,1625983,Harmon,Skin Care,Moisturizer,Body,
HRM-BENCS-00,20209926,Harmon,First Aid,Pain Relief,Body,
HRM-BKT1R-00,181000,Harmon,Skin Care,Beauty/Cosmetics,Face,
HRM-C7WE1-00,20182144,Harmon,Suncare,General Protection,High SPF (> 56),
HRM-CALAC-00,,Harmon,First Aid,Anti-Itch,Body,
HRM-CHROL-00,20209902,Harmon,First Aid,Pain Relief,Body,
HRM-COOL3-00,20205065,Harmon,First Aid,Pain Relief,Body,
HRM-CUCUM-00,,Harmon,Skin Care,Beauty/Cosmetics,Face,
HRM-DEBKT-00,20205089,Harmon,First Aid,Ear Care,Body,
HRM-DRSKC-00,1622838,Harmon,Skin Care,Moisturizer,Face,
HRM-EYMR2-00,1622875,Harmon,Skin Care,Beauty/Cosmetics,Face,
HRM-GLD14-00,1630142,Harmon,Skin Care,Moisturizer,Body,
HRM-HEELB-00,20195755,Harmon,First Aid,Foot Care,Body,
HRM-HEMCS-00,20210427,Harmon,First Aid,Laxative,Body,
HRM-LIQBG-00,20209940,Harmon,First Aid,Wound,Body,
HRM-MDBBC-00,20199371,Harmon,Skin Care,Beauty/Cosmetics,Face,
HRM-MSTCR-00,1630140,Harmon,Skin Care,Moisturizer,Body,
HRM-NAS1Z-00,290050,Harmon,First Aid,Drug,Body,
HRM-NAS3Z-00,33876,Harmon,First Aid,Drug,Body,
HRM-NMOST-00,,Harmon,First Aid,Drug,Body,
HRM-NSLSN-00,,Harmon,First Aid,Drug,Body,
HRM-NSSVR-00,,Harmon,First Aid,Drug,Body,
HRM-NTCRM-00,20166403,Harmon,Skin Care,Anti-Aging,Face,
HRM-OINT1-00,1618539,Harmon,Skin Care,Moisturizer,Body,
HRM-S5BZ1-00,20087227,Harmon,Suncare,Baby,Medium SPF (30 - 55),
HRM-S5SZ1-00,20087234,Harmon,Suncare,Sport,Medium SPF (30 - 55),
HRM-S6BZ1-00,20087241,Harmon,Suncare,Baby,High SPF (> 56),
HRM-SCARG-00,1635112,Harmon,Skin Care,Wound,Body,
HRM-SENSA-00,20209919,Harmon,Skin Care,Moisturizer,Body,
HRM-SKOIL-00,1630139,Harmon,Skin Care,Beauty/Cosmetics,Body,
HRM-SSNAL-00,,Harmon,First Aid,Drug,Body,
HRM-T3FC1-00,20182151,Harmon,Suncare,General Protection,,
HRM-TRIPL-00,20205072,Harmon,Skin Care,Wound,Body,
HYV-8ICEG-00,921840,Hy-Vee,First Aid,Pain Relief,Body,
HYV-ALO16-00,935030,Hy-Vee,Suncare,After Sun,Body,
HYV-ALODP-50,992460,Hy-Vee,Suncare,After Sun,Body,
HYV-ASPCS-00,940100,Hy-Vee,First Aid,Pain Relief,Body,
HYV-B1RH3-00,906730,Hy-Vee,Suncare,General Protection,Low SPF (< 29),
HYV-B3RH3-00,993190,Hy-Vee,Suncare,General Protection,Low SPF (< 29),
HYV-B3SA1-00,,Hy-Vee,Suncare,Sport,Low SPF (< 29),
HYV-B3SH3-00,971330,Hy-Vee,Suncare,Sport,Low SPF (< 29),
HYV-B5BH3-00,932020,Hy-Vee,Suncare,Baby,Medium SPF (30 - 55),
HYV-B5KH1-00,,Hy-Vee,Suncare,Kids,Medium SPF (30 - 55),
HYV-B5RH3-00,,Hy-Vee,Suncare,General Protection,Medium SPF (30 - 55),
HYV-BENCS-00,941810,Hy-Vee,First Aid,Pain Relief,Body,
HYV-BURN4-00,93244,Hy-Vee,Suncare,After Sun,Body,
HYV-BURN8-00,926820,Hy-Vee,Suncare,After Sun,Body,
HYV-C3RF3-00,913041,Hy-Vee,Suncare,General Protection,Low SPF (< 29),
HYV-C3RH3-00,913040,Hy-Vee,Suncare,General Protection,Low SPF (< 29),
HYV-C3RL1-00,936640,Hy-Vee,Suncare,General Protection,Low SPF (< 29),
HYV-C3SF3-00,936130,Hy-Vee,Suncare,Sport,Low SPF (< 29),
HYV-C3SH3-00,936130,Hy-Vee,Suncare,Sport,Low SPF (< 29),
HYV-C3SL1-00,937670,Hy-Vee,Suncare,Sport,Low SPF (< 29),
HYV-C3WE1-00,,Hy-Vee,Suncare,General Protection,Low SPF (< 29),
HYV-C5KF1-00,75450299366,Hy-Vee,Suncare,Kids,Medium SPF (30 - 55),
HYV-C5KH1-00,914271,Hy-Vee,Suncare,Kids,Medium SPF (30 - 55),
HYV-C5SH1-00,914711,Hy-Vee,Suncare,Sport,Medium SPF (30 - 55),
HYV-C7RF1-00,7545027995,Hy-Vee,Suncare,General Protection,High SPF (> 56),
HYV-C7WE1-00,939090,Hy-Vee,Suncare,General Protection,High SPF (> 56),
HYV-CLBPK-50,,Hy-Vee,Suncare,General Protection,Body,
HYV-CLHT3-00,922740,Hy-Vee,First Aid,Pain Relief,Body,
HYV-COCNT-00,988220,Hy-Vee,Suncare,After Sun,Body,
HYV-CORTZ-00,996320,Hy-Vee,First Aid,Anti-Itch,Body,
HYV-CP30R-00,991710,Hy-Vee,Suncare,General Protection,Body,
HYV-CP30S-00,995690,Hy-Vee,Suncare,General Protection,Body,
HYV-ICYHT-00,927530,Hy-Vee,First Aid,Pain Relief,Body,
HYV-ITCH3-00,926860,Hy-Vee,First Aid,Anti-Itch,Body,
HYV-LOTDP-50,933030,Hy-Vee,Suncare,General Protection,Body,
HYV-MANGO-00,986270,Hy-Vee,Suncare,After Sun,Body,
HYV-P3RC1-00,976470,Hy-Vee,Suncare,General Protection,Body,
HYV-P3SC1-00,977730,Hy-Vee,Suncare,Sport,Body,
HYV-S50CP-00,996380,Hy-Vee,Suncare,General Protection,Body,
HYV-S5SA1-00,944510,Hy-Vee,Suncare,Sport,Body,
HYV-SUNLS-00,927580,Hy-Vee,Suncare,Sunless,Body,
HYV-TRIPL-00,959600,Hy-Vee,First Aid,Wound,Body,
HYV-VTE16-00,,Hy-Vee,Skin Care,Moisturizer,Body,
HYV-WTRML-00,985920,Hy-Vee,Suncare,After Sun,Body,
KRY-8ICEG-00,,Preferred Plus,First Aid,Pain Relief,Body,
KRY-B1RH1-00,,Preferred Plus,Suncare,General Protection,Low SPF (< 29),
KRY-B3RH1-00,,Preferred Plus,Suncare,General Protection,Low SPF (< 29),
KRY-B3SH1-00,,Preferred Plus,Suncare,Sport,Medium SPF (30 - 55),
KRY-B5BH1-00,,Preferred Plus,Suncare,Baby,Medium SPF (30 - 55),
KRY-B5KH1-00,,Preferred Plus,Suncare,Kids,Medium SPF (30 - 55),
KRY-B5RH1-00,,Preferred Plus,Suncare,General Protection,Medium SPF (30 - 55),
KRY-C3RF1-00,,Preferred Plus,Suncare,General Protection,Low SPF (< 29),
KRY-C7RF1-00,,Preferred Plus,Suncare,General Protection,High SPF (> 56),
KRY-CLHT3-00,,Preferred Plus,First Aid,Pain Relief,Body,
KRY-EARWX-00,,Preferred Plus,First Aid,Ear Care,Body,
KRY-LIDO8-00,,Preferred Plus,Suncare,After Sun,Body,
KRY-SCARG-00,,Preferred Plus,Skin Care,Wound,Body,
KMT-C3RL1-00,,Kmart,,,,
KMT-C5RL1-00,,Kmart,,,,
KMT-GLPCH-50,,Kmart,,,,
KMT-2PKSP-00,72000183892,Kmart,Suncare,Sport,Medium SPF (30 - 55),
KMT-3ACNE-00,72000178348,Kmart,Skin Care,Acne,Face,
KMT-ALIDO-00,883967294657,Kmart,Suncare,After Sun,Body,
KMT-APSCR-00,72000148099,Kmart,Skin Care,Cleanser,Face,
KMT-B1TH1-00,883967301133,Kmart,Suncare,General Protection,Low SPF (< 29),
KMT-B3RH1-00,72000292754,Kmart,Suncare,General Protection,Medium SPF (30 - 55),
KMT-B3SH1-00,72000292778,Kmart,Suncare,Sport,Medium SPF (30 - 55),
KMT-B4OH1-00,72000761229,Kmart,Suncare,General Protection,Body,
KMT-B5BH1-00,72000292761,Kmart,Suncare,Kids,Medium SPF (30 - 55),
KMT-B5RH1-00,72000173275,Kmart,Suncare,General Protection,Medium SPF (30 - 55),
KMT-B5SH2-00,883967294664,Kmart,Suncare,Sport,Medium SPF (30 - 55),
KMT-BENDL-00,,Kmart,First Aid,Anti-Itch,Body,
KMT-BRNCS-00,72000173312,Kmart,First Aid,Pain Relief,Body,
KMT-BRNR8-00,72000173299,Kmart,Suncare,After Sun,Body,
KMT-C3RH1-00,883967297658,Kmart,Suncare,General Protection,Medium SPF (30 - 55),
KMT-C3SF1-00,883967385720,Kmart,Suncare,General Protection,Medium SPF (30 - 55),
KMT-C3SH1-00,72000292808,Kmart,Suncare,Sport,Medium SPF (30 - 55),
KMT-C3WE1-00,883967297665,Kmart,Suncare,Sport,Medium SPF (30 - 55),
KMT-C5BH1-00,72000292792,Kmart,Suncare,Kids,Medium SPF (30 - 55),
KMT-C5KF1-00,883967297696,Kmart,Suncare,Kids,Medium SPF (30 - 55),
KMT-C5KH1-00,883967385737,Kmart,Suncare,General Protection,Medium SPF (30 - 55),
KMT-C5SF1-00,72000746097,Kmart,Suncare,Sport,Medium SPF (30 - 55),
KMT-C5SH1-00,883967297672,Kmart,Suncare,Sport,Medium SPF (30 - 55),
KMT-C7RF1-00,72000753224,Kmart,Suncare,General Protection,High SPF (> 56),
KMT-C7RH1-00,883967297702,Kmart,Suncare,General Protection,High SPF (> 56),
KMT-C7WE1-00,,Kmart,,,,
KMT-DRYSK-00,883967299393,Kmart,Skin Care,Moisturizer,Face,
KMT-EYRLR-00,72000746011,Kmart,Skin Care,Anti-Aging,Face,
KMT-GEL16-00,72000736012,Kmart,Suncare,After Sun,Body,
KMT-HBBLK-00,,Kmart,Hair Care,Beauty/Cosmetics,Face,
KMT-HBDKB-00,,Kmart,Hair Care,Beauty/Cosmetics,Face,
KMT-HBLTB-00,,Kmart,Hair Care,Beauty/Cosmetics,Face,
KMT-HBMDB-00,,Kmart,Hair Care,Beauty/Cosmetics,Face,
KMT-IEALO-00,72000270400,Kmart,Suncare,After Sun,Body,
KMT-IEBHD-00,72000270318,Kmart,Skin Care,Cleanser,Face,
KMT-IECCA-00,72000270301,Kmart,Skin Care,Acne,Face,
KMT-IEOFA-00,72000270332,Kmart,Skin Care,Acne,Face,
KMT-MEDAP-00,72000148105,Kmart,Skin Care,Cleanser,Face,
KRG-7SCAR-00,,Kroger,First Aid,Anti-Aging,,
KRG-BBCRM-00,,Kroger,Skin Care,Beauty/Cosmetics,Face,
KRG-CAPSA-00,,Kroger,First Aid,Pain Relief,,
KRG-HEMCS-00,,Kroger,First Aid,Pain Relief,,
KRG-LGPCH-00,,Kroger,First Aid,Pain Relief,Body,
KRG-TRIPL-00,,Kroger,First Aid,Wound,,
KRG-VAGSL-00,,Kroger,First Aid,Anti-Itch,Body,
LDR-8ICEG-00,4229209,Cardinal,First Aid,Pain Relief,Body,
LDR-ARTHR-00,,Cardinal,First Aid,Pain Relief,Body,
LDR-BRNSP-00,4229191,Cardinal,Suncare,After Sun,Body,
LDR-EARDY-00,4229167,Cardinal,First Aid,Ear Care,Body,
LDR-EARKT-00,4229175,Cardinal,First Aid,Ear Care,Body,
LDR-EGL16-00,4229282,Cardinal,Skin Care,Moisturizer,Body,
LDR-SCARG-00,,Cardinal,Skin Care,Wound,Body,
LDR-SKOIL-00,4358883,Cardinal,Skin Care,Beauty/Cosmetics,Body,
LDR-WOUND-00,4358115,Cardinal,First Aid,Wound,Body,
FDL-30CS6-00,,Marcs,Suncare,General Protection,Low SPF (< 29),
FDL-50KD6-00,,Marcs,Suncare,Kids,Medium SPF (30 - 55),
FDL-50SCS-00,,Marcs,Suncare,Sport,Medium SPF (30 - 55),
FDL-8SP30-00,,Marcs,Suncare,Sport,Low SPF (< 29),
MJR-16NTS-50,760236744467,Meijer,Suncare,General Protection,Medium SPF (30 - 55),
MJR-18GPT-50,886926260533,Meijer,Suncare,General Protection,Medium SPF (30 - 55),
MJR-18KBT-50,886926260540,Meijer,Suncare,Kids,Medium SPF (30 - 55),
MJR-18SPT-50,889626260526,Meijer,Suncare,Sport,Medium SPF (30 - 55),
MJR-24HRC-00,719283949653,Meijer,Skin Care,Cleanser,Face,
MJR-3ACNE-00,719283290250,Meijer,Skin Care,Acne,Face,
MJR-4NSCS-00,70882072704,Meijer,Skin Care,Cough Cold,Face,
MJR-AITCH-00,713733653992,Meijer,First Aid,Pain Relief,Body,
MJR-B3NF1-00,760236743323,Meijer,Suncare,General Protection,Medium SPF (30 - 55),
MJR-BABPK-00,708820086937,Meijer,Suncare,Kids,Medium SPF (30 - 55),
MJR-BBCRM-00,760236744450,Meijer,Retailer,General Protection,Face,
MJR-BITER-00,708820476387,Meijer,First Aid,Pain Relief,Body,
MJR-BRNCS-00,760236384366,Meijer,First Aid,Pain Relief,Body,
MJR-C1SF1-00,713733360333,Meijer,Suncare,Sport,Low SPF (< 29),
MJR-C3RF1-00,713733303637,Meijer,Suncare,General Protection,Medium SPF (30 - 55),
MJR-C3SF1-00,713733303545,Meijer,Suncare,Sport,Medium SPF (30 - 55),
MJR-C3SJ1-00,708820086975,Meijer,Suncare,Sport,Medium SPF (30 - 55),
MJR-C5BF1-00,713733303583,Meijer,Suncare,Kids,Medium SPF (30 - 55),
MJR-C5KF1-00,713733303606,Meijer,Suncare,Kids,Medium SPF (30 - 55),
MJR-C5RF1-00,713733303620,Meijer,Suncare,General Protection,Medium SPF (30 - 55),
MJR-C5SF1-00,713733303569,Meijer,Suncare,Sport,Medium SPF (30 - 55),
MJR-C5SJ1-00,708820270299,Meijer,Suncare,Sport,Medium SPF (30 - 55),
MJR-C7WE1-00,760236743385,Meijer,Suncare,General Protection,High SPF (> 56),
MJR-CHCS4-00,713733295284,Meijer,First Aid,Pain Relief,Body,
MJR-COOL3-00,713733654036,Meijer,First Aid,Anti-Itch,Body,
MJR-DPOR5-00,719283949622,Meijer,Skin Care,Cleanser,Face,
MJR-FAAS5-00,713733795494,Meijer,First Aid,Anti-Itch,Body,
MJR-FCWSH-00,708820240209,Meijer,Skin Care,Cleanser,Face,
MJR-GLPCH-50,,Meijer,Suncare,After Sun,Body,
MJR-GNPPK-00,708820086951,Meijer,Suncare,General Protection,Medium SPF (30 - 55),
MJR-INVAC-00,719283949677,Meijer,Skin Care,Acne,Face,
MJR-KIDPK-00,708820086944,Meijer,Suncare,Kids,Medium SPF (30 - 55),
MJR-MDBBC-00,708820086920,Meijer,Skin Care,General Protection,Face,
MJR-NASL3-00,708820744301,Meijer,First Aid,Cough Cold,Face,
MJR-NSL15-00,708820744288,Meijer,First Aid,Cough Cold,Face,
MJR-OILF6-00,719283806208,Meijer,Skin Care,Acne,Face,
MJR-S3NZ1-00,760236743354,Meijer,Suncare,General Protection,Medium SPF (30 - 55),
MJR-SCARG-00,719283243423,Meijer,First Aid,Wound,Body,
MJR-SNLMD-00,708820219229,Meijer,Suncare,Sunless,Body,
MJR-SPTPK-00,708820086968,Meijer,Suncare,Sport,Medium SPF (30 - 55),
MJR-SUMR2-50,886926260472,Meijer,Suncare,General Protection,Medium SPF (30 - 55),
MJR-SUMTY-50,886926260465,Meijer,Suncare,General Protection,Medium SPF (30 - 55),
MJR-T3FC1-00,708820087002,Meijer,Suncare,General Protection,Medium SPF (30 - 55),
MJR-T4NC1-00,760236743361,Meijer,Suncare,General Protection,Medium SPF (30 - 55),
NAV-BRN16-00,,Premier Value,,,,
PQM-MSEYE-00,,Premier Value,,,,
PRE-1BENZ-00,84098605147,Premier Value,Skin Care,Acne,Face,
PRE-3ACNE-00,84098605195,Premier Value,Skin Care,Acne,Face,
PRE-3CITS-00,840986028090,Premier Value,First Aid,Anti-Itch,Body,
PRE-45SDS-50,84098605527,Premier Value,Suncare,General Protection,Medium SPF (30 - 55),
PRE-50STK-50,84098605505,Premier Value,Suncare,Sport,Medium SPF (30 - 55),
PRE-8ICEG-00,84098601339,Premier Value,First Aid,Pain Relief,Body,
PRE-ABWND-00,840986030123,Premier Value,First Aid,Wound,Body,
PRE-ACNE8-00,84098605145,Premier Value,Skin Care,Acne,Face,
PRE-ALO16-00,84098605412,Premier Value,Suncare,After Sun,Body,
PRE-APSCR-00,84098605324,Premier Value,Skin Care,Cleanser,Face,
PRE-AQHEL-00,840986056482,Premier Value,Skin Care,Moisturizer,Face,
PRE-ASPER-00,840986011368,Premier Value,First Aid,Pain Relief,Body,
PRE-B3RD1-00,84098605173,Premier Value,Suncare,General Protection,Medium SPF (30 - 55),
PRE-B3RH1-00,84098605174,Premier Value,Suncare,General Protection,Medium SPF (30 - 55),
PRE-B3SH1-00,84098605177,Premier Value,Suncare,Sport,Medium SPF (30 - 55),
PRE-B5BH1-00,840986051814,Premier Value,Suncare,Kids,Medium SPF (30 - 55),
PRE-B5RH1-00,840986051807,Premier Value,Suncare,General Protection,Medium SPF (30 - 55),
PRE-B5SH1-00,84098605178,Premier Value,Suncare,Sport,Medium SPF (30 - 55),
PRE-BACTN-00,840986020391,Premier Value,First Aid,Anti-Itch,Body,
PRE-BBCRM-00,84098605644,Premier Value,Skin Care,General Protection,Face,
PRE-BEN2Z-00,840986015267,Premier Value,First Aid,Anti-Itch,Body,
PRE-BEN4Z-00,840986015250,Premier Value,First Aid,Anti-Itch,Body,
PRE-BITER-00,840986030437,Premier Value,First Aid,Anti-Itch,Body,
PRE-BONUS-50,84098605643,Premier Value,Suncare,General Protection,Medium SPF (30 - 55),
PRE-BRNR4-00,84098601338,Premier Value,Suncare,After Sun,Body,
PRE-C3RF1-00,84098605447,Premier Value,Suncare,General Protection,Medium SPF (30 - 55),
PRE-C3SF1-00,840986054488,Premier Value,Suncare,Sport,Medium SPF (30 - 55),
PRE-C5KF1-00,84098605453,Premier Value,Suncare,Kids,Medium SPF (30 - 55),
PRE-C5RF1-00,84098605450,Premier Value,Suncare,General Protection,Medium SPF (30 - 55),
PRE-C5SF1-00,84098605451,Premier Value,Suncare,Sport,Medium SPF (30 - 55),
PRE-C7RF1-00,84098605480,Premier Value,Suncare,General Protection,High SPF (> 56),
PRE-CCRM9-00,84098605130,Premier Value,Skin Care,Moisturizer,Face,
PRE-CHCS4-00,84098602669,Premier Value,First Aid,Pain Relief,Body,
PRE-COCOL-00,840986056956,Premier Value,Skin Care,Moisturizer,Body,
PRE-CSALO-00,84098605478,Premier Value,Suncare,After Sun,Body,
PRE-DRSKC-00,84098605131,Premier Value,Skin Care,Moisturizer,Face,
PRE-EARDP-00,840986015243,Premier Value,First Aid,Ear Care,Face,
PRE-EARKT-00,840986015236,Premier Value,First Aid,Ear Care,Face,
PRE-EGL16-00,84098605149,Premier Value,Skin Care,Moisturizer,Body,
PRE-ERDRY-00,84098601659,Premier Value,First Aid,Ear Care,Face,
PRE-EYEMR-00,84098605194,Premier Value,Skin Care,Beauty/Cosmetics,Face,
PRE-HCL12-00,84098605566,Premier Value,Skin Care,Cleanser,Face,
PRE-ICYHT-00,84098601138,Premier Value,First Aid,Pain Relief,Body,
PRE-ITCH3-00,84098602808,Premier Value,First Aid,Anti-Itch,Body,
PRE-MEDAP-00,84098605325,Premier Value,Skin Care,Cleanser,Face,
PRE-MICRO-00,840986056932,Premier Value,Suncare,Sunless,Body,
PRE-MRUBR-00,84098601341,Premier Value,First Aid,Pain Relief,Body,
PRE-MRUBX-00,84098601342,Premier Value,First Aid,Pain Relief,Body,
PRE-MST12-00,84098605567,Premier Value,Skin Care,Moisturizer,Face,
PRE-MSTCR-00,840986056475,Premier Value,Skin Care,Moisturizer,Face,
PRE-N4WAY-00,840986015212,Premier Value,First Aid,Cough Cold,Face,
PRE-NASL3-00,840986014833,Premier Value,First Aid,Cough Cold,Face,
PRE-NMOST-00,840986027635,Premier Value,First Aid,Cough Cold,Face,
PRE-NODRM-00,840986015182,Premier Value,First Aid,Cough Cold,Face,
PRE-NODRP-00,840986015199,Premier Value,First Aid,Cough Cold,Face,
PRE-NOXMA-00,840986056468,Premier Value,Skin Care,Cleanser,Face,
PRE-NSINX-00,840986019180,Premier Value,First Aid,Cough Cold,Face,
PRE-NSL15-00,840986014826,Premier Value,First Aid,Cough Cold,Face,
PRE-NSLMT-00,840986029981,Premier Value,First Aid,Cough Cold,Face,
PRE-NSLSN-00,840986015175,Premier Value,First Aid,Cough Cold,Face,
PRE-NSLSP-00,840986015168,Premier Value,First Aid,Cough Cold,Face,
PRE-NSSVR-00,840986019210,Premier Value,First Aid,Cough Cold,Face,
PRE-NUEYE-00,84098605221,Premier Value,Skin Care,Anti-Aging,Face,
PRE-NUVEC-00,84098605199,Premier Value,Skin Care,Anti-Aging,Face,
PRE-OATLT-00,840986056949,Premier Value,Skin Care,Moisturizer,Body,
PRE-PROKT-00,840986056345,Premier Value,Skin Care,Beauty/Cosmetics,Face,
PRE-RPLHD-00,840986056352,Premier Value,Skin Care,Beauty/Cosmetics,Face,
PRE-S5SZ1-00,84098605477,Premier Value,Suncare,General Protection,Medium SPF (30 - 55),
PRE-S6BZ1-00,,Premier Value,,,,
PRE-SCALP-00,84098605157,Premier Value,Skin Care,Beauty/Cosmetics,Face,
PRE-SCARG-00,84098601340,Premier Value,First Aid,Wound,Body,
PRE-SKOIL-00,84098605485,Premier Value,Skin Care,Anti-Aging,Face,
PRE-SP30T-50,84098605534,Premier Value,Suncare,Sport,Medium SPF (30 - 55),
PRE-TRIP1-00,840986029486,Premier Value,First Aid,Wound,Body,
PRE-VTE16-00,84098605148,Premier Value,Skin Care,Moisturizer,Body,
PRE-VTEC4-00,84098605150,Premier Value,Skin Care,Moisturizer,Body,
PRE-WOUND-00,84098602670,Premier Value,First Aid,Wound,Body,
RIA-ABWND-00,11822256681,Rite Aid,First Aid,Wound,Body,
RIA-ACNWH-00,11822262231,Rite Aid,Skin Care,Cleanser,Face,
RIA-AISP3-00,11822372312,Rite Aid,First Aid,Anti-Itch,Body,
RIA-APSCR-00,11822321723,Rite Aid,Skin Care,Cleanser,Face,
RIA-BAKT2-00,11822360524,Rite Aid,Skin Care,Beauty/Cosmetics,Face,
RIA-BEN2Z-00,11822928120,Rite Aid,First Aid,Anti-Itch,Body,
RIA-BEN4Z-00,11822928137,Rite Aid,First Aid,Anti-Itch,Body,
RIA-BHSCR-00,11822309660,Rite Aid,Skin Care,Cleanser,Face,
RIA-BRNCS-00,11822372305,Rite Aid,First Aid,Wound,Body,
RIA-C1SF1-00,11822325189,Rite Aid,Suncare,Sport,Low SPF (< 29),
RIA-C1SH1-00,11822232319,Rite Aid,Suncare,Sport,Low SPF (< 29),
RIA-C3RC1-00,11822371919,Rite Aid,Suncare,General Protection,Medium SPF (30 - 55),
RIA-C3RF1-00,11822325196,Rite Aid,Suncare,General Protection,Medium SPF (30 - 55),
RIA-C3RH1-00,11822545471,Rite Aid,Suncare,General Protection,Medium SPF (30 - 55),
RIA-C3SC1-00,11822371926,Rite Aid,Suncare,Sport,Medium SPF (30 - 55),
RIA-C3SF1-00,11822325998,Rite Aid,Suncare,Sport,Medium SPF (30 - 55),
RIA-C3SH1-00,11822325912,Rite Aid,Suncare,Sport,Medium SPF (30 - 55),
RIA-C5BF1-00,11822923163,Rite Aid,Suncare,Kids,Medium SPF (30 - 55),
RIA-C5BH1-00,11822545426,Rite Aid,Suncare,Kids,Medium SPF (30 - 55),
RIA-C5KF1-00,11822376433,Rite Aid,Suncare,Kids,Medium SPF (30 - 55),
RIA-C5KH1-00,11822656511,Rite Aid,Suncare,Kids,Medium SPF (30 - 55),
RIA-C5SF1-00,11822923682,Rite Aid,Suncare,Sport,Medium SPF (30 - 55),
RIA-C5SH1-00,11822525251,Rite Aid,Suncare,Sport,Medium SPF (30 - 55),
RIA-C7OE1-00,11822536899,Rite Aid,Suncare,Sport,High SPF (> 56),
RIA-C7RF1-00,11822923675,Rite Aid,Suncare,General Protection,High SPF (> 56),
RIA-C7RH1-00,11822444446,Rite Aid,Suncare,General Protection,High SPF (> 56),
RIA-C8HE1-00,11822923620,Rite Aid,Suncare,General Protection,High SPF (> 56),
RIA-CCRM9-00,11822349789,Rite Aid,Skin Care,Moisturizer,Body,
RIA-COCOL-00,11822567206,Rite Aid,Skin Care,Moisturizer,Body,
RIA-CORTZ-00,11822159876,Rite Aid,First Aid,Anti-Itch,Body,
RIA-CRTBN-00,11822269872,Rite Aid,First Aid,Anti-Itch,Body,
RIA-DAYCR-00,11822536356,Rite Aid,Skin Care,Anti-Aging,Face,
RIA-DEBDP-00,11822334914,Rite Aid,First Aid,Ear Care,Face,
RIA-DEBKT-00,11822337113,Rite Aid,First Aid,Ear Care,Face,
RIA-DRSKC-00,11822315463,Rite Aid,Skin Care,Moisturizer,Body,
RIA-EARKT-00,11822372282,Rite Aid,First Aid,Ear Care,Face,
RIA-EYEMR-00,11822978514,Rite Aid,Skin Care,Beauty/Cosmetics,Face,
RIA-EYRLR-00,11822978507,Rite Aid,Skin Care,Beauty/Cosmetics,Face,
RIA-FAIDB-00,11822482325,Rite Aid,First Aid,Wound,Body,
RIA-FSAID-00,11822372329,Rite Aid,First Aid,Pain Relief,Body,
RIA-GOLDB-00,11822358798,Rite Aid,First Aid,Anti-Itch,Body,
RIA-GPFRT-00,11822662307,Rite Aid,Skin Care,Cleanser,Face,
RIA-GRPFR-00,11822662307,Rite Aid,Skin Care,Cleanser,Face,
RIA-ICHBN-00,11822482318,Rite Aid,First Aid,Anti-Itch,Body,
RIA-INVAC-00,11822314954,Rite Aid,Skin Care,Acne,Face,
RIA-ITCHS-00,11822372312,Rite Aid,First Aid,Anti-Itch,Body,
RIA-MBLUR-00,11822567244,Rite Aid,Skin Care,Anti-Aging,Face,
RIA-MICRO-00,11822362276,Rite Aid,Suncare,Sunless,Body,
RIA-MNMIN-00,11822559218,Rite Aid,Hair Care,Anti-Itch,Face,
RIA-MRUB2-00,11822511360,Rite Aid,First Aid,Pain Relief,Body,
RIA-MRUB4-00,11822985260,Rite Aid,First Aid,Pain Relief,Body,
RIA-NAS1Z-00,11822320306,Rite Aid,First Aid,Cough Cold,Face,
RIA-NAS3Z-00,11822349543,Rite Aid,First Aid,Cough Cold,Face,
RIA-NHTCR-00,11822536349,Rite Aid,Skin Care,Anti-Aging,Face,
RIA-NODRP-00,11822441216,Rite Aid,First Aid,Cough Cold,Face,
RIA-NSINX-00,11822793117,Rite Aid,First Aid,Cough Cold,Face,
RIA-NSLMT-00,11822314121,Rite Aid,First Aid,Cough Cold,Face,
RIA-NSSVR-00,11822997225,Rite Aid,First Aid,Cough Cold,Face,
RIA-OATLT-00,11822567220,Rite Aid,Skin Care,Moisturizer,Body,
RIA-OILF6-00,11822536288,Rite Aid,Skin Care,Cleanser,Face,
RIA-OILFR-00,11822561303,Rite Aid,Skin Care,Acne,Face,
RIA-PROBR-00,11822354639,Rite Aid,Skin Care,Cleanser,Face,
RIA-PROCL-00,11822514330,Rite Aid,Skin Care,Cleanser,Face,
RIA-PROKT-00,11822514347,Rite Aid,Hair Care,Beauty/Cosmetics,Face,
RIA-RADRY-00,11822372299,Rite Aid,First Aid,Ear Care,Face,
RIA-S3HZ1-00,11822515221,Rite Aid,Suncare,General Protection,Medium SPF (30 - 55),
RIA-S5SZ1-00,11822684156,Rite Aid,Suncare,Sport,Medium SPF (30 - 55),
RIA-SARNS-00,11822372275,Rite Aid,First Aid,Anti-Itch,Body,
RIA-SCALP-00,11822323376,Rite Aid,First Aid,Anti-Itch,,
RIA-SCARG-00,11822037082,Rite Aid,First Aid,Wound,Body,
RIA-SCLPT-00,11822567237,Rite Aid,Skin Care,Anti-Aging,Face,
RIA-SKOIL-00,11822352048,Rite Aid,Skin Care,Anti-Aging,Face,
RIA-SSNAL-00,11822672948,Rite Aid,First Aid,Cough Cold,Face,
RIA-T0HC1-00,11822537230,Rite Aid,Suncare,General Protection,High SPF (> 56),
RIA-T0HD1-00,11822353724,Rite Aid,Suncare,General Protection,Medium SPF (30 - 55),
RIA-T0OB1-00,11822537209,Rite Aid,Suncare,General Protection,High SPF (> 56),
RIA-T5HC1-00,11822362207,Rite Aid,Suncare,General Protection,High SPF (> 56),
RIA-T5HD1-00,11822654210,Rite Aid,Suncare,General Protection,Medium SPF (30 - 55),
RIA-T7HC1-00,11822362214,Rite Aid,Suncare,General Protection,High SPF (> 56),
RIA-T7HD1-00,11822789455,Rite Aid,Suncare,General Protection,High SPF (> 56),
RIA-T8HC1-00,11822362221,Rite Aid,Suncare,General Protection,High SPF (> 56),
RIA-T8HD1-00,11822741255,Rite Aid,Suncare,General Protection,High SPF (> 56),
RIA-TRPL1-00,11822554411,Rite Aid,First Aid,Wound,Body,
RIA-WOUND-00,11822538152,Rite Aid,First Aid,Wound,Body,
SAJ-MRUBR-00,,SAJ Distributors,,,,
SAJ-MRUBX-00,,SAJ Distributors,,,,
SAJ-SCALP-00,,SAJ Distributors,,,,
SCH-16ICG-00,,Scherer Labs,First Aid,Pain Relief,Body,
SCH-BITCR-00,,Scherer Labs,First Aid,Anti-Itch,Body,
SCH-CHTOX-00,,Scherer Labs,First Aid,Anti-Itch,Body,
SCH-CORTZ-00,,Scherer Labs,First Aid,Anti-Itch,Body,
SCH-EARN4-00,,Scherer Labs,First Aid,Ear Care,,
SCH-HMIST-00,,Scherer Labs,First Aid,Cough Cold,,
SCH-PREBR-00,,Scherer Labs,,,,
SCH-RHI30-00,,Scherer Labs,First Aid,Ear Care,,
SCH-RHI40-00,,Scherer Labs,First Aid,Ear Care,,
SCH-TRIPL-00,,Scherer Labs,First Aid,Wound,,
SCH-WCHIG-00,,Scherer Labs,First Aid,Anti-Itch,Body,
SCH-WOUND-00,,Scherer Labs,First Aid,Wound,Body,
SKO-2PK30-00,400175481817,Shopko,Suncare,Sport,Medium SPF (30 - 55),
SKO-2PK50-00,400175481992,Shopko,Suncare,General Protection,Medium SPF (30 - 55),
SKO-2PS50-00,400202768799,Shopko,Suncare,Sport,Medium SPF (30 - 55),
SKO-ASPCS-00,400185457499,Shopko,First Aid,Pain Relief,Body,
SKO-B3SH1-00,,Shopko,,,,
SKO-BENCS-00,400185458489,Shopko,First Aid,Pain Relief,Body,
SKO-BENDL-00,400185458717,Shopko,First Aid,Pain Relief,Body,
SKO-BRNCS-00,400185459134,Shopko,First Aid,Wound,Body,
SKO-C3SF1-00,400113826601,Shopko,Suncare,Sport,Medium SPF (30 - 55),
SKO-C5KF1-00,400113826861,Shopko,Suncare,Kids,Medium SPF (30 - 55),
SKO-C5SF1-00,400113826526,Shopko,Suncare,Sport,Medium SPF (30 - 55),
SKO-CALAC-00,400185459882,Shopko,First Aid,Anti-Itch,Body,
SKO-CHCS4-00,400185457642,Shopko,First Aid,Pain Relief,Body,
SKO-CHROL-00,400185458229,Shopko,First Aid,Pain Relief,Body,
SKO-COPCH-50,400202770754,Shopko,Suncare,After Sun,Body,
SKO-DEBKT-00,400185457802,Shopko,First Aid,Ear Care,Face,
SKO-FSAID-00,400185458632,Shopko,First Aid,Wound,Body,
SKO-GRALO-00,400113827691,Shopko,Suncare,After Sun,Body,
SKO-HEELB-00,400185458069,Shopko,Skin Care,Foot Care,Body,
SKO-MOPCH-50,400202771669,Shopko,Suncare,After Sun,Body,
SKO-TWNLP-00,400202768874,Shopko,Suncare,General Protection,Medium SPF (30 - 55),
SKO-WMPCH-50,400202771744,Shopko,Suncare,After Sun,Body,
SPV-DEBDP-00,7106297,SuperValu,First Aid,Ear Care,Body,
SPV-SCALP-00,7280076,SuperValu,Hair Care,Anti-Itch,Body,
TAR-ASPER-00,,Target,First Aid,Pain Relief,Body,
TAR-BACTN-00,,Target,First Aid,Anti-Itch,Body,
TAR-BENGY-00,,Target,First Aid,Pain Relief,Body,
TAR-NEOTO-00,,Target,First Aid,Anti-Itch,Body,
TAR-SCARG-00,,Target,First Aid,Wound,Body,
TOP-15DAY-00,,Topco,Skin Care,Moisturizer,Face,
TOP-1BENZ-00,,Topco,Skin Care,Acne,Face,
TOP-3ACNE-00,,Topco,Skin Care,Acne,Face,
TOP-3CITS-00,,Topco,First Aid,Anti-Itch,Body,
TOP-6BACL-50,,Topco,Suncare,Kids,Medium SPF (30 - 55),
TOP-6EDCL-50,,Topco,Skin Care,Ear Care,Face,
TOP-6SPCL-50,,Topco,Suncare,Sport,Medium SPF (30 - 55),
TOP-8ICEG-00,,Topco,Skin Care,Pain Relief,Body,
TOP-ASPER-00,,Topco,Skin Care,Pain Relief,Body,
TOP-BBLTM-00,,Topco,Skin Care,Anti-Aging,Face,
TOP-BITER-00,,Topco,Skin Care,Pain Relief,Body,
TOP-BKIT2-00,,Topco,Skin Care,Beauty/Cosmetics,Face,
TOP-BLBLR-00,,Topco,Skin Care,Anti-Aging,Face,
TOP-C5HE1-00,,Topco,Suncare,General Protection,Medium SPF (30 - 55),
TOP-C7SE1-00,,Topco,Suncare,Sport,High SPF (> 56),
TOP-CAPSA-00,,Topco,Skin Care,Pain Relief,Body,
TOP-CCRM9-00,,Topco,Skin Care,Moisturizer,Face,
TOP-CHCS4-00,,Topco,Skin Care,Pain Relief,Body,
TOP-CLEAN-00,,Topco,Skin Care,Cleanser,Face,
TOP-DRSKC-00,,Topco,Skin Care,Moisturizer,Face,
TOP-EYECR-00,,Topco,Skin Care,Anti-Aging,Face,
TOP-EYEMR-00,,Topco,Skin Care,Beauty/Cosmetics,Face,
TOP-EYLSH-00,,Topco,Skin Care,Beauty/Cosmetics,Face,
TOP-FCEYE-00,,Topco,Skin Care,Anti-Aging,Face,
TOP-GLPCH-50,,Topco,Skin Care,After Sun,Body,
TOP-HAND2-00,,Topco,Skin Care,Moisturizer,Body,
TOP-HCBLK-00,,Topco,Hair Care,Beauty/Cosmetics,Face,
TOP-HCDBR-00,,Topco,Hair Care,Beauty/Cosmetics,Face,
TOP-HCLBR-00,,Topco,Hair Care,Beauty/Cosmetics,Face,
TOP-HCMBR-00,,Topco,Hair Care,Beauty/Cosmetics,Face,
TOP-ICYHT-00,,Topco,Skin Care,Pain Relief,Body,
TOP-ITCH3-00,,Topco,Skin Care,Anti-Itch,Body,
TOP-NGTCR-00,,Topco,Skin Care,Anti-Aging,Face,
TOP-OILFR-00,,Topco,Skin Care,Cleanser,Face,
TOP-PER10-00,,Topco,Skin Care,Acne,Face,
TOP-S5BZ1-00,,Topco,Suncare,Kids,Medium SPF (30 - 55),
TOP-S5SZ1-00,,Topco,Suncare,Sport,Medium SPF (30 - 55),
TOP-SCARG-00,,Topco,Skin Care,Wound,Body,
TOP-SNLDP-00,,Topco,Suncare,Sunless,Body,
TOP-SNLMD-00,,Topco,Skin Care,Sunless,Body,
TOP-SWMAI-00,,Topco,Skin Care,Ear Care,Face,
TOP-T5HD1-00,,Topco,Suncare,General Protection,Medium SPF (30 - 55),
TOP-T6BC1-00,,Topco,Suncare,Kids,High SPF (> 56),
TOP-T7HD1-00,,Topco,Suncare,General Protection,High SPF (> 56),
ULT-FMRPL-00,2276220,Ulta,Ulta,Skin Care,Beauty/Cosmetics,Face
ULT-PROKT-00,2245308,Ulta,Ulta,Skin Care,Beauty/Cosmetics,Face
ULT-RPLHD-00,2248786,Ulta,Ulta,Skin Care,Beauty/Cosmetics,Face
WAK-48DIS-50,107458961,Wakefern,Suncare,General Protection,Body,
WAK-B3RH1-00,107453408,Wakefern,Suncare,General Protection,Low SPF (< 29),
WAK-B5RH1-00,107453424,Wakefern,Suncare,General Protection,Medium SPF (30 - 55),
WAK-BANAN-00,107451715,Wakefern,Suncare,After Sun,Body,
WAK-CLR16-00,107453416,Wakefern,Suncare,After Sun,Body,
WAK-MANGO-00,107451731,Wakefern,Suncare,After Sun,Body,
WAK-POUCH-50,107459006,Wakefern,Suncare,After Sun,Body,
WAK-S6BZ1-00,107452998,Wakefern,Suncare,Baby,Medium SPF (30 - 55),
WAK-S6SZ1-00,107450280,Wakefern,Suncare,Baby,Medium SPF (30 - 55),
WAK-WTRML-00,107451749,Wakefern,Suncare,After Sun,Body,
WLG-12MST-00,151695,Walgreens,Skin Care,Beauty/Cosmetics,Body,
WLG-14DST-00,147176,Walgreens,Skin Care,Beauty/Cosmetics,Body,
WLG-3ACNE-00,354095,Walgreens,Skin Care,Acne,Face,
WLG-7SCAR-00,150412,Walgreens,Skin Care,Beauty/Cosmetics,Body,
WLG-9CCRM-00,417797,Walgreens,Skin Care,Beauty/Cosmetics,Face,
WLG-ACNWH-00,227265,Walgreens,Skin Care,Acne,Face,
WLG-ANTIS-00,,Walgreens,,,,
WLG-ASPCS-00,271726,Walgreens,First Aid,Pain Relief,Body,
WLG-AYRGL-00,355254,Walgreens,First Aid,Cough Cold,Face,
WLG-BACTN-00,349836,Walgreens,First Aid,Pain Relief,Body,
WLG-BBYCR-00,904839,Walgreens,First Aid,Baby,Body,
WLG-BENCS-00,221220,Walgreens,First Aid,Pain Relief,Body,
WLG-BGPCH-00,349773,Walgreens,First Aid,Pain Relief,Body,
WLG-BITER-00,244135,Walgreens,First Aid,Pain Relief,Body,
WLG-BPRCS-00,387559,Walgreens,First Aid,Pain Relief,Body,
WLG-BRNR8-00,349835,Walgreens,Suncare,After Sun,Body,
WLG-BURNR-00,533525,Walgreens,First Aid,After Sun,Body,
WLG-CAPCN-00,323673,Walgreens,First Aid,Pain Relief,Body,
WLG-CARAB-50,375381,Walgreens,Suncare,General Protection,Medium SPF (30 - 55),
WLG-CHSTR-00,904629,Walgreens,First Aid,Cough Cold,Body,
WLG-CORTZ-00,244134,Walgreens,First Aid,Pain Relief,Body,
WLG-DRSKN-00,417798,Walgreens,Skin Care,Beauty/Cosmetics,Face,
WLG-DS175-00,147175,Walgreens,Skin Care,Beauty/Cosmetics,Hand,
WLG-EARDY-00,156708,Walgreens,First Aid,Ear Care,Face,
WLG-EARKT-00,156707,Walgreens,First Aid,Ear Care,Face,
WLG-EXZM5-00,336169,Walgreens,Skin Care,Beauty/Cosmetics,Face,
WLG-EXZMA-00,244137,Walgreens,Skin Care,Beauty/Cosmetics,Face,
WLG-FEMCS-00,908983,Walgreens,First Aid,Anti-Itch,Body,
WLG-FOOTP-00,386215,Walgreens,First Aid,Anti-Itch,Body,
WLG-FSAID-00,336168,Walgreens,First Aid,Pain Relief,Body,
WLG-GOLDB-00,359423,Walgreens,First Aid,Pain Relief,Body,
WLG-HEMCS-00,414147,Walgreens,First Aid,Pain Relief,Body,
WLG-HIBCL-00,,Walgreens,,,,
WLG-ICYHT-00,474100,Walgreens,First Aid,Pain Relief,Body,
WLG-INACN-00,151574,Walgreens,Skin Care,Acne,Face,
WLG-ISO70-00,336171,Walgreens,First Aid,Drug,Body,
WLG-LGPCH-00,349774,Walgreens,First Aid,Pain Relief,Body,
WLG-LIQBG-00,257631,Walgreens,First Aid,Pain Relief,Body,
WLG-O5RZ1-00,478101,Walgreens,Suncare,General Protection,Face,
WLG-PAIND-50,904633,Walgreens,First Aid,Pain Relief,Body,
WLG-PRXCS-00,336172,Walgreens,First Aid,Drug,Body,
WLG-PSIVY-00,380189,Walgreens,First Aid,Pain Relief,Body,
WLG-PVEC1-00,441311,Walgreens,Skin Care,Beauty/Cosmetics,Face,
WLG-PVWC5-00,441312,Walgreens,Skin Care,Beauty/Cosmetics,Body,
WLG-S3HZ1-00,515018,Walgreens,Suncare,General Protection,Medium SPF (30 - 55),
WLG-S5SA1-00,323070,Walgreens,Suncare,General Protection,Medium SPF (30 - 55),
WLG-S6BZ1-00,481520,Walgreens,Suncare,General Protection,High SPF (> 56),
WLG-SCARS-00,701595,Walgreens,Skin Care,Beauty/Cosmetics,Body,
WLG-SKIN3-00,379098,Walgreens,Skin Care,Beauty/Cosmetics,Face,
WLG-SKOL4-00,151046,Walgreens,Skin Care,Beauty/Cosmetics,Body,
WLG-SMARK-00,151048,Walgreens,Skin Care,Beauty/Cosmetics,Body,
WLG-SMPCH-00,349776,Walgreens,First Aid,Pain Relief,Body,
WLG-SUNBR-00,323049,Walgreens,Suncare,After Sun,Body,
WLG-T0HD1-00,481524,Walgreens,Suncare,General Protection,High SPF (> 56),
WLG-T3HD1-00,323068,Walgreens,Suncare,General Protection,Medium SPF (30 - 55),
WLG-T5HD1-00,515023,Walgreens,Suncare,General Protection,Medium SPF (30 - 55),
WLG-TEATR-00,319055,Walgreens,Skin Care,Beauty/Cosmetics,Body,
WLG-TRIPL-00,244130,Walgreens,First Aid,Pain Relief,Body,
WLG-WMNX3-00,346734,Walgreens,Hair Care,Drug,Face,
WLG-WMNX9-00,346735,Walgreens,Hair Care,Drug,Face,
WLG-XLPCH-00,349775,Walgreens,First Aid,Pain Relief,Body,
EQT-3ANTS-00,551118811,Walmart,First Aid,Pain Relief,Body,
EQT-CHRLR-00,551567603,Walmart,First Aid,Pain Relief,Body,
EQT-DEBKT-00,550168489,Walmart,First Aid,Ear Care,Face,
EQT-EDPRO-00,,Walmart,First Aid,Ear Care,Face,
EQT-ERDR1-00,550210106,Walmart,First Aid,Ear Care,Face,
EQT-ERDR1-50,553327266,Walmart,First Aid,Ear Care,Face,
EQT-EYERL-00,550803669,Walmart,Skin Care,Beauty/Cosmetics,Face,
EQT-SCARG-00,553488880,Walmart,Skin Care,Beauty/Cosmetics,Body,
SCH-CHI2X-00,551118810,Walmart,First Aid,Pain Relief,Body,
SCH-SYS36-00,4000909,Walmart,First Aid,Ear Care,Face,
WEG-ALOE7-00,,Wegmans,Suncare,After Sun,Body,
WEG-ALOE8-00,,Wegmans,Suncare,After Sun,Body,
WEG-ALOLT-00,,Wegmans,Suncare,After Sun,Body,
WEG-B1RF1-00,,Wegmans,Suncare,General Protection,Low SPF (< 29),
WEG-B3ND1-00,,Wegmans,Suncare,General Protection,Medium SPF (30 - 55),
WEG-B3NH1-00,,Wegmans,Suncare,General Protection,Medium SPF (30 - 55),
WEG-B3RF1-00,,Wegmans,Suncare,General Protection,Medium SPF (30 - 55),
WEG-B3SF1-00,,Wegmans,Suncare,Sport,Medium SPF (30 - 55),
WEG-B5BF1-00,,Wegmans,Suncare,Baby,Medium SPF (30 - 55),
WEG-B5KF1-00,,Wegmans,Suncare,Kids,Medium SPF (30 - 55),
WEG-B5RF1-00,,Wegmans,Suncare,General Protection,Medium SPF (30 - 55),
WEG-BURN4-00,,Wegmans,Suncare,After Sun,Body,
WEG-C3RF1-00,,Wegmans,Suncare,General Protection,Medium SPF (30 - 55),
WEG-C3RH2-00,,Wegmans,Suncare,General Protection,Medium SPF (30 - 55),
WEG-C3SF1-00,,Wegmans,Suncare,Sport,Medium SPF (30 - 55),
WEG-C3SH2-00,,Wegmans,Suncare,Sport,Medium SPF (30 - 55),
WEG-C5HE1-00,,Wegmans,Suncare,General Protection,Medium SPF (30 - 55),
WEG-C5KF1-00,,Wegmans,Suncare,Kids,Medium SPF (30 - 55),
WEG-C5KH2-00,,Wegmans,Suncare,Kids,Medium SPF (30 - 55),
WEG-C5RL1-00,,Wegmans,Suncare,General Protection,Medium SPF (30 - 55),
WEG-C5SC1-00,,Wegmans,Suncare,Sport,Medium SPF (30 - 55),
WEG-C5SF1-00,,Wegmans,Suncare,Sport,Medium SPF (30 - 55),
WEG-C5SH2-00,,Wegmans,Suncare,Sport,Medium SPF (30 - 55),
WEG-C7HE1-00,,Wegmans,Suncare,General Protection,High SPF (> 56),
WEG-C7RF1-00,,Wegmans,Suncare,General Protection,High SPF (> 56),
WEG-C7RH2-00,,Wegmans,Suncare,General Protection,High SPF (> 56),
WEG-C7WE2-00,,Wegmans,Suncare,General Protection,High SPF (> 56),
WEG-COCO7-00,,Wegmans,Suncare,After Sun,Body,
WEG-KDPCP-00,,Wegmans,Suncare,Kids,Medium SPF (30 - 55),
WEG-P3SC1-00,,Wegmans,Suncare,Sport,Medium SPF (30 - 55),
WEG-P5BC1-00,,Wegmans,Suncare,Baby,Medium SPF (30 - 55),
WEG-P5KC1-00,,Wegmans,Suncare,Kids,Medium SPF (30 - 55),
WEG-P5RC1-00,,Wegmans,Suncare,General Protection,Medium SPF (30 - 55),
WEG-POUCH-50,,Wegmans,Suncare,General Protection,Medium SPF (30 - 55),
WEG-S3HZ1-00,,Wegmans,Suncare,General Protection,Medium SPF (30 - 55),
WEG-S3NZ1-00,,Wegmans,Suncare,General Protection,Medium SPF (30 - 55),
WEG-S5KZ1-00,,Wegmans,Suncare,Kids,Medium SPF (30 - 55),
WEG-S5SZ1-00,,Wegmans,Suncare,Sport,Medium SPF (30 - 55),
WEG-S6BZ1-00,,Wegmans,Suncare,Baby,High SPF (> 56),
WEG-SPPCP-00,,Wegmans,Suncare,Sport,Medium SPF (30 - 55),
WEG-T3FC1-00,,Wegmans,Suncare,General Protection,Medium SPF (30 - 55),
WEG-T3NC1-00,,Wegmans,Suncare,General Protection,Medium SPF (30 - 55),
WEG-T4NC1-00,,Wegmans,Suncare,General Protection,Medium SPF (30 - 55),
WEG-T5HD2-00,,Wegmans,Suncare,General Protection,Medium SPF (30 - 55),
WEG-T6BC2-00,,Wegmans,Suncare,Baby,High SPF (> 56),
WEG-VTEG8-00,,Wegmans,Suncare,After Sun,Body,
WST-36BNS-50,,Western Family,Skin Care,General Protection,Medium SPF (30 - 55),
WST-ACNE8-00,,Western Family,Skin Care,Acne,Face,
WST-AFSUN-00,,Western Family,Suncare,After Sun,Body,
WST-AISP6-00,,Western Family,First Aid,Anti-Itch,Body,
WST-ALOE8-00,,Western Family,Skin Care,After Sun,Body,
WST-ALOED-50,,Western Family,Skin Care,After Sun,Body,
WST-APSCR-00,,Western Family,Skin Care,Cleanser,Face,
WST-B1RJ1-00,,Western Family,Skin Care,General Protection,Low SPF (< 29),
WST-B3RJ1-00,,Western Family,Skin Care,General Protection,Medium SPF (30 - 55),
WST-B3SA1-50,,Western Family,Skin Care,Sport,Medium SPF (30 - 55),
WST-B3SH1-00,,Western Family,Skin Care,Sport,Medium SPF (30 - 55),
WST-B5BJ1-00,,Western Family,Skin Care,Kids,Medium SPF (30 - 55),
WST-B5KJ1-00,,Western Family,Skin Care,Kids,Medium SPF (30 - 55),
WST-B5RJ1-00,,Western Family,Skin Care,General Protection,Medium SPF (30 - 55),
WST-B5SH1-00,,Western Family,Skin Care,Sport,Medium SPF (30 - 55),
WST-B7RH1-00,,Western Family,Skin Care,General Protection,High SPF (> 56),
WST-C1SF1-00,,Western Family,Skin Care,Sport,Low SPF (< 29),
WST-C3RF1-00,,Western Family,Skin Care,General Protection,Medium SPF (30 - 55),
WST-C3RH1-00,,Western Family,Skin Care,General Protection,Medium SPF (30 - 55),
WST-C3SF1-00,,Western Family,Skin Care,Sport,Medium SPF (30 - 55),
WST-C3SH1-00,,Western Family,Skin Care,Sport,Medium SPF (30 - 55),
WST-C3WE1-00,,Western Family,Skin Care,General Protection,Medium SPF (30 - 55),
WST-C5BF1-00,,Western Family,Skin Care,Kids,Medium SPF (30 - 55),
WST-C5KF1-00,,Western Family,Skin Care,Kids,Medium SPF (30 - 55),
WST-C5KH1-00,,Western Family,Skin Care,Kids,Medium SPF (30 - 55),
WST-C5SF1-00,,Western Family,Skin Care,Sport,Medium SPF (30 - 55),
WST-C5SH1-00,,Western Family,Skin Care,Sport,Medium SPF (30 - 55),
WST-C7HE1-00,,Western Family,Skin Care,General Protection,High SPF (> 56),
WST-C7RF1-00,,Western Family,Skin Care,General Protection,High SPF (> 56),
WST-C7SE1-00,,Western Family,Skin Care,Sport,High SPF (> 56),
WST-C7WE1-00,,Western Family,Skin Care,Kids,High SPF (> 56),
WST-CHCS4-00,,Western Family,First Aid,Pain Relief,Body,
WST-CLAL6-00,,Western Family,Skin Care,After Sun,Body,
WST-CLR16-00,,Western Family,Skin Care,After Sun,Body,
WST-CORTZ-00,,Western Family,First Aid,Anti-Itch,Body,
WST-CSALO-00,,Western Family,Skin Care,After Sun,Body,
WST-DST14-00,,Western Family,Skin Care,Moisturizer,Body,
WST-GLD14-00,,Western Family,Skin Care,Moisturizer,Body,
WST-GLPCH-50,,Western Family,Skin Care,After Sun,Body,
WST-LOTIN-50,,Western Family,Skin Care,General Protection,Medium SPF (30 - 55),
WST-MEDAP-00,,Western Family,Skin Care,Cleanser,Face,
WST-PCHCP-00,,Western Family,Skin Care,Sport,Medium SPF (30 - 55),
WST-PCHCP-50,,Western Family,Skin Care,Sport,Medium SPF (30 - 55),
WST-PCHKD-00,,Western Family,Skin Care,Kids,Medium SPF (30 - 55),
WST-S3HZ1-00,,Western Family,Skin Care,General Protection,Medium SPF (30 - 55),
WST-S5SA1-00,,Western Family,Skin Care,Sport,Medium SPF (30 - 55),
WST-S5SZ1-00,,Western Family,Skin Care,Kids,Medium SPF (30 - 55),
WST-S6BZ1-00,,Western Family,Skin Care,Kids,High SPF (> 56),
WST-SNLMD-00,,Western Family,Skin Care,Sunless,Body,
WST-SUNLT-50,,Western Family,Skin Care,General Protection,Medium SPF (30 - 55),
WST-T3FC1-00,,Western Family,Skin Care,General Protection,Medium SPF (30 - 55),
WST-T3SC1-00,,Western Family,Skin Care,Sport,Medium SPF (30 - 55),
WST-T5HD1-00,,Western Family,Skin Care,General Protection,Medium SPF (30 - 55),
WST-T6BC1-00,,Western Family,Skin Care,Kids,High SPF (> 56),
WST-T7HD1-00,,Western Family,Skin Care,General Protection,High SPF (> 56),
WST-TRPL1-00,,Western Family,Skin Care,Wound,Body,
WND-2PKCS-50,,Winn-Dixie,Suncare,,Medium SPF (30 - 55),
WND-2PKSP-00,,Winn-Dixie,Suncare,Sport,Medium SPF (30 - 55),
WND-2SP30-00,,Winn-Dixie,Suncare,Sport,Medium SPF (30 - 55),
WND-36BNS-50,,Winn-Dixie,Suncare,General Protection,Medium SPF (30 - 55),
WND-36CSD-50,,Winn-Dixie,Suncare,General Protection,Medium SPF (30 - 55),
WND-BONUS-50,,Winn-Dixie,Suncare,General Protection,Medium SPF (30 - 55),
WND-BURN6-00,,Winn-Dixie,Suncare,After Sun,Body,
WND-C1SF1-00,,Winn-Dixie,Suncare,Sport,Low SPF (< 29),
WND-C3RF1-00,,Winn-Dixie,Suncare,General Protection,Medium SPF (30 - 55),
WND-C3SF1-00,,Winn-Dixie,Suncare,Sport,Medium SPF (30 - 55),
WND-C3WE1-00,,Winn-Dixie,Suncare,General Protection,Medium SPF (30 - 55),
WND-C5KF1-00,,Winn-Dixie,Suncare,Kids,Medium SPF (30 - 55),
WND-C5RF1-00,,Winn-Dixie,Suncare,General Protection,Medium SPF (30 - 55),
WND-C5SF1-00,,Winn-Dixie,Suncare,Sport,Medium SPF (30 - 55),
WND-C7WE1-00,,Winn-Dixie,Suncare,Kids,High SPF (> 56),
WND-CS50B-00,,Winn-Dixie,Suncare,Baby,Body,
WND-S5SZ1-50,,Winn-Dixie,Suncare,Sport,Medium SPF (30 - 55),
